dataset,model,family,train_time_s,predict_time_s,total_time_s
ids2012,qsvm_angle,svm,1.4644116330018733,1.2018833869951777,2.666295019997051
ids2012,state_svm_angle,svm,0.035454949997074436,0.009711835002235603,0.04516678499931004
ids2012,qsvm_amplitude,svm,1.7971004940045532,1.3660081089983578,3.163108603002911
ids2012,state_svm_amplitude,svm,0.016613047999271657,0.007173615995270666,0.023786663994542323
ids2012,qsvm_zz,svm,16.188639421001426,13.156116549005674,29.3447559700071
ids2012,state_svm_zz,svm,0.23063813799672062,0.08749394399637822,0.31813208199309884
ids2012,qknn_angle,knn,0.01550627600227017,0.007947147001686972,0.02345342300395714
ids2012,state_knn_angle,knn,0.02022272100293776,0.010473510003066622,0.030696231006004382
ids2012,qknn_amplitude,knn,0.020911947001877706,0.010649552998074796,0.0315614999999525
ids2012,state_knn_amplitude,knn,0.0339129940039129,0.007667242003662977,0.04158023600757588
ids2012,qknn_zz,knn,0.14951554899744224,0.06625631199858617,0.2157718609960284
ids2012,state_knn_zz,knn,0.1750284450026811,0.06465773200034164,0.23968617700302275
ids2012,photonic_fidelity_svm_angle,svm,0.49832575600157725,0.06638780600042082,0.5647135620019981
ids2012,photonic_state_svm_angle,svm,0.017422042998077814,0.02449475699540926,0.041916799993487075
ids2012,photonic_fidelity_knn_angle,knn,0.07407032899936894,0.0676736220048042,0.14174395100417314
ids2012,photonic_state_knn_angle,knn,0.01477175400214037,0.003440838001552038,0.018212592003692407
